,Food (S),Food (W),Ore (S),Ore (W),Oil (S),Oil (W),Titanium,Xanium
0,1968744043.4072258,3486784401.000001,1968744043.4072258,3486784401.000001,3486784401.000001,3486784401.000001,3486784401.000001,10000000000.0
1,3474254194.248046,3874204890.000001,3474254194.248046,3874204890.000001,3874204890.000001,6513215508.000002,3874204890.000001,0.0
2,2758966566.020507,1937102445.0000007,2758966566.020507,1937102445.0000007,1937102445.0000007,0.0,2639010618.000001,0.0
3,1298337207.539062,701908173.0000002,1298337207.539062,701908173.0000002,701908173.0000002,0.0,0.0,0.0
4,400957078.798828,0.0,400957078.798828,0.0,0.0,0.0,0.0,0.0
5,98737584.63574216,0.0,98737584.63574216,0.0,0.0,0.0,0.0,0.0
6,0.0,0.0,0.0,0.0,0.0,0.0,0.0,0.0
7,0.0,0.0,0.0,0.0,0.0,0.0,0.0,0.0
8,0.0,0.0,0.0,0.0,0.0,0.0,0.0,0.0
