,Food (S),Food (W),Ore (S),Ore (W),Oil (S),Oil (W),Titanium,Xanium
0,10000000000.0,10000000000.0,5987369392.383787,5987369392.383787,5987369392.383787,5987369392.383787,1073741824.0000005,7763296208.564377
1,0.0,0.0,3151247048.6230454,3151247048.6230454,3151247048.6230454,4012630607.429686,2684354560.0000014,2236703791.435249
2,0.0,0.0,746347985.2001952,746347985.2001952,746347985.2001952,0.0,6241861632.000004,0.0
3,0.0,0.0,104750594.41406249,115035573.6064453,115035573.6064453,0.0,0.0,0.0
4,0.0,0.0,9648081.064453125,0.0,0.0,0.0,0.0,0.0
5,0.0,0.0,636898.1279296874,0.0,0.0,0.0,0.0,0.0
6,0.0,0.0,0.0,0.0,0.0,0.0,0.0,0.0
7,0.0,0.0,0.0,0.0,0.0,0.0,0.0,0.0
8,0.0,0.0,0.0,0.0,0.0,0.0,0.0,0.0
