,Food (S),Food (W),Ore (S),Ore (W),Oil (S),Oil (W),Titanium,Xanium
0,10000000000.0,10000000000.0,563135147.0947266,563135147.0947266,3486784401.000001,3486784401.000001,10000000000.0,10000000000.0
1,0.0,0.0,1877117156.9824219,1877117156.9824219,3874204890.000001,6513215508.000002,0.0,0.0
2,0.0,0.0,2815675735.473633,2815675735.473633,1937102445.0000007,0.0,0.0,0.0
3,0.0,0.0,2502822875.9765625,4743776321.411133,701908173.0000002,0.0,0.0,0.0
4,0.0,0.0,1459980010.9863281,0.0,0.0,0.0,0.0,0.0
5,0.0,0.0,780973434.4482422,0.0,0.0,0.0,0.0,0.0
6,0.0,0.0,0.0,0.0,0.0,0.0,0.0,0.0
7,0.0,0.0,0.0,0.0,0.0,0.0,0.0,0.0
8,0.0,0.0,0.0,0.0,0.0,0.0,0.0,0.0
